x,y,z,rx,ry,rz
0.27,4,-1036,0,0,-0.45
0.27,12.35224627,-987.914453,0,0,5
0.27,20.81136537,-939.8195057,0,0,10
0.27,29.36550177,-891.7156055,0,0,25
0.27,38.00458571,-843.6031865,0,90,-0.45
30,46.72025263,-795.4826609,0,90,-0.45
300,55.50545143,-747.3544213,0,90,-0.45